{"Pseudovirus": 0.029295990243554115, "Pseudovirus (HIV)": 0.012582267634570599, "Pseudovirus (MLV)": 0.015370361506938934, "Pseudovirus (VSV)": -0.02481052279472351, "Pseudovirus (lentivirus)": -0.04509860277175903, "SARS-CoV-2 recombinant": -0.059151746332645416, "VLP": 0.03835460543632507, "VSV chimeric virus": -0.04720074683427811, "Virus isolate": 0.0229987483471632, "hiVNT": 0.11044012755155563}