{"Convalescent": 0.1219586431980133, "Vaccine": 0.0008140492718666792}