{"Pseudovirus": 0.13297498226165771, "Pseudovirus (HIV)": 0.10044100880622864, "Pseudovirus (MLV)": 0.16639909148216248, "Pseudovirus (VSV)": 0.06413831561803818, "Pseudovirus (lentivirus)": 0.05187816917896271, "SARS-CoV-2 recombinant": 0.06964421272277832, "VLP": 0.11297859251499176, "VSV chimeric virus": 0.05611463263630867, "Virus isolate": 0.1319420486688614, "hiVNT": 0.27884745597839355}