{"Pseudovirus": -0.15844927728176117, "Pseudovirus (HIV)": 0.03229702264070511, "Pseudovirus (VSV)": 0.0818808376789093, "Pseudovirus (lentivirus)": 0.05565822869539261, "Virus isolate": -0.012524427846074104}