Baseline,Mean,Std
WuD,1.6110634803771973,0.18927541375160217
