Mutation,Mean,Std
V213G,0.3170296,0.4617294
Q493K,0.25593197,0.5474086
Q493S,0.19151232,0.38426423
Q493R,0.13429996,0.2294939
Q183V,0.013366627,0.37404418
R346T,0.00051298045,0.21295801
K147N,0.00020542144,0.28714266
R346K,-0.026924668,0.46164438
F490R,-0.03318296,0.29532236
Q498Y,-0.042507768,0.35130045
M153S,-0.052361254,0.3479159
S155R,-0.117086776,0.3296016
T19R,-0.122695796,0.43815723
A27L,-0.13544858,0.2999984
V445E,-0.161869,0.39193738
N481T,-0.22710395,0.3182812
K417V,-0.23369566,0.3172173
K529L,-0.36047283,0.29686776
T76I,-0.37554693,0.32800794
Y473F,-0.46748257,0.34445876
T478K,-0.53620297,0.53124017
G339D,-0.58318776,0.33165064
L452R,-0.5906468,0.27231368
S494R,-0.86006504,0.25197637
