Baseline,Mean,Std
WuD,0.7317133545875549,0.0007067015976645052
