Baseline,Mean,Std
WuD,1.6095974445343018,0.1839049905538559
