Mutation,Mean,Std
V213G,0.30840844,0.45855257
Q493K,0.2505676,0.5286193
Q493S,0.1794558,0.37027177
Q493R,0.13100386,0.23553777
Q183V,0.008140769,0.37006634
R346T,0.0056084613,0.20085545
K147N,-0.0016262674,0.27525103
R346K,-0.019825596,0.47590712
Q498Y,-0.03854708,0.36512586
F490R,-0.03963571,0.28605306
M153S,-0.067142166,0.345091
S155R,-0.115313224,0.3446961
A27L,-0.12844391,0.29938108
T19R,-0.12887311,0.43107653
V445E,-0.16079412,0.39454514
N481T,-0.21675393,0.31628364
K417V,-0.22862753,0.31303325
K529L,-0.3646803,0.28231642
T76I,-0.36880457,0.3209624
Y473F,-0.4637517,0.34946096
T478K,-0.55475813,0.53452235
G339D,-0.57405555,0.3305221
L452R,-0.5799649,0.2776016
S494R,-0.8563643,0.24584217
