Mean Effect,N,Pool
8.678734,79,Conv_Delta
6.9399767,211,Conv_WT
7.2898293,134,Vac_Mod
5.7730827,132,Vac_Pfiz
8.623475,237,Boost_Mod
8.003864,150,Boost_Pfiz
9.391406,79,Bi-valent Boost
9.237488,237,BTI_Delta
8.88961,237,BTI_BA.1
8.349953,79,BTI_BA.2.12.1
8.246236,79,BTI_BA.4/5
