Mutation,Mean,Std
K417V,1.9055488,0.34043196
S155R,1.3968853,0.26209265
T478K,0.9271528,0.28943136
V213G,0.64329356,0.1776055
M153S,0.23482996,0.22907239
N481T,0.20562999,0.13255356
K529L,0.19973606,0.08839021
V445E,0.16330105,0.07753245
A27L,0.1048503,0.13653265
R346K,0.092830576,0.09348487
T19R,-0.055019684,0.078049
Q183V,-0.074105576,0.06860798
F490R,-0.2698348,0.10851312
Q493K,-0.28469726,0.24868491
Q493R,-0.5164409,0.1525117
Q498Y,-0.5229407,0.14032154
T76I,-0.5371205,0.22674114
L452R,-0.5784154,0.13539605
S494R,-0.75006956,0.16047058
Q493S,-0.77878284,0.20406605
Y473F,-0.89144045,0.22052078
R346T,-0.9999702,0.19106375
G339D,-1.197481,0.2313294
K147N,-1.4133153,0.2540558
