Mutation,Mean,Std
Q493K,0.5642212,0.55631846
V213G,0.47938702,0.45122033
Q493R,0.39879248,0.2104405
R346T,0.14803323,0.20798627
F490R,0.082458064,0.27478412
M153S,0.06902279,0.3507002
A27L,0.063911654,0.2949374
Q183V,0.049342345,0.37298796
Q493S,0.029809028,0.3634715
K417V,0.0225682,0.3198236
Q498Y,-0.0067653465,0.36137366
K147N,-0.029480452,0.3004728
R346K,-0.04426196,0.46243772
V445E,-0.08022562,0.3955973
N481T,-0.10412839,0.30242532
T76I,-0.14109531,0.332579
T478K,-0.18305442,0.5292032
S155R,-0.20322947,0.33470237
T19R,-0.25354022,0.41353944
L452R,-0.26649863,0.2654274
S494R,-0.34271285,0.1991819
G339D,-0.3788974,0.32332864
K529L,-0.46641198,0.28574157
Y473F,-0.48098835,0.34524113
