Mean Effect,N,Pool
8.66669,79,Conv_Delta
6.950553,211,Conv_WT
7.292999,134,Vac_Mod
5.7706933,132,Vac_Pfiz
8.618535,237,Boost_Mod
8.023617,150,Boost_Pfiz
9.391153,79,Bi-valent Boost
9.262324,237,BTI_Delta
8.895466,237,BTI_BA.1
8.353638,79,BTI_BA.2.12.1
8.262891,79,BTI_BA.4/5
