Mean Effect,N,Pool
-0.20947771,79,Conv_Delta
1.623967,211,Conv_WT
1.287694,134,Vac_Mod
2.8101697,132,Vac_Pfiz
-0.078640945,237,Boost_Mod
0.47669274,150,Boost_Pfiz
-1.1433927,79,Bi-valent Boost
-0.70870256,237,BTI_Delta
-0.36246225,237,BTI_BA.1
-0.06833578,79,BTI_BA.2.12.1
-0.011005767,79,BTI_BA.4/5
