{"Pseudovirus": -0.0726173147559166, "Pseudovirus (HIV)": 0.08675114810466766, "Pseudovirus (VSV)": 0.10518226027488708, "Pseudovirus (lentivirus)": -0.07860224694013596, "Virus isolate": -0.043622907251119614}