{"Convalescent": -0.019401956349611282, "Vaccine": -0.010397789068520069}