{"Pseudovirus": 0.22677351534366608, "Pseudovirus (HIV)": 0.09775536507368088, "Pseudovirus (MLV)": 0.10070469975471497, "Pseudovirus (VSV)": 0.11865781992673874, "Pseudovirus (lentivirus)": 0.0963582918047905, "SARS-CoV-2 recombinant": -0.06445290148258209, "VLP": 0.07736889272928238, "VSV chimeric virus": 0.049913376569747925, "Virus isolate": 0.18368344008922577, "hiVNT": 0.35755807161331177}