Baseline,Mean,Std
WuD,1.6870992183685303,0.08056806027889252
