Mutation,Mean,Std
V213G,0.46440694,0.2135491
Q493S,0.2960373,0.17129022
Q493K,0.28065112,0.26368123
Q493R,0.16144766,0.100241125
R346T,0.0116709005,0.088534385
Q183V,0.0017519131,0.17346296
K147N,0.001176625,0.13269591
M153S,-0.021415984,0.15516633
Q498Y,-0.034864146,0.1598101
R346K,-0.045281183,0.20719449
F490R,-0.057316598,0.114681125
T19R,-0.1261647,0.19367944
S155R,-0.12686013,0.1498801
A27L,-0.1674822,0.13295971
V445E,-0.22253945,0.17672108
N481T,-0.24741212,0.14181301
K417V,-0.24893397,0.1480539
K529L,-0.31534246,0.12790217
T76I,-0.45783222,0.15040213
Y473F,-0.50577307,0.14934976
L452R,-0.70048827,0.12234813
G339D,-0.7225255,0.15074137
T478K,-0.76445454,0.25681198
S494R,-0.9664188,0.108955234
