{"Pseudovirus": 0.3657173812389374, "Pseudovirus (HIV)": 0.2957732081413269, "Pseudovirus (MLV)": 0.456784725189209, "Pseudovirus (VSV)": 0.3018501400947571, "Pseudovirus (lentivirus)": 0.2889782190322876, "SARS-CoV-2 recombinant": 0.3100527226924896, "VLP": 0.3890565037727356, "VSV chimeric virus": 0.2532285153865814, "Virus isolate": 0.3545991778373718, "hiVNT": 0.34850460290908813}