{"Convalescent": -0.23863667249679565, "Vaccine": -0.25468578934669495}