{"Pseudovirus": -0.14349088072776794, "Pseudovirus (HIV)": 0.029995612800121307, "Pseudovirus (VSV)": 0.09394454956054688, "Pseudovirus (lentivirus)": 0.021448496729135513, "Virus isolate": -0.06175117567181587}