Mean Effect,N,Pool
0.21019243,79,Conv_Delta
-1.6230077,211,Conv_WT
-1.2885951,134,Vac_Mod
-2.8010402,132,Vac_Pfiz
0.08591855,237,Boost_Mod
-0.47501376,150,Boost_Pfiz
1.137509,79,Bi-valent Boost
0.7135597,237,BTI_Delta
0.37144288,237,BTI_BA.1
0.07953416,79,BTI_BA.2.12.1
0.005206239,79,BTI_BA.4/5
