{"Pseudovirus": 0.17389574646949768, "Pseudovirus (HIV)": 0.10863351821899414, "Pseudovirus (MLV)": 0.05333931744098663, "Pseudovirus (VSV)": 0.09837450832128525, "Pseudovirus (lentivirus)": 0.07891902327537537, "SARS-CoV-2 recombinant": -0.028668057173490524, "VLP": 0.16863414645195007, "VSV chimeric virus": -0.00803382322192192, "Virus isolate": 0.122248075902462, "hiVNT": 0.4264722466468811}