,Mean Effect,N,Pool
0,8.655441,79,Conv_Delta
1,6.935524,211,Conv_WT
2,7.2927456,134,Vac_Mod
3,5.7699747,132,Vac_Pfiz
4,8.613815,237,Boost_Mod
5,8.022975,150,Boost_Pfiz
6,9.390433,79,Bi-valent Boost
7,9.254226,237,BTI_Delta
8,8.888238,237,BTI_BA.1
9,8.362946,79,BTI_BA.2.12.1
10,8.266728,79,BTI_BA.4/5
