Baseline,Mean,Std
WuD,1.1901847124099731,0.031123260036110878
