Baseline,Mean,Std
WuD,1.6817337274551392,0.08179935812950134
