Baseline,Mean,Std
WuD,1.6842386722564697,0.07976827770471573
