Mutation,Mean,Std
K417V,0.6035203,0.06269139
S155R,0.46231532,0.049357157
T478K,0.3163232,0.10879908
V213G,0.092313305,0.08181882
V445E,0.06570203,0.052851733
K529L,0.046725582,0.04416699
R346K,0.014324985,0.065288566
Q493K,-0.003643403,0.123331614
M153S,-0.010008131,0.115192324
T19R,-0.015229042,0.05994397
N481T,-0.021170456,0.06309446
Q183V,-0.032564845,0.05235461
A27L,-0.0930757,0.066846825
T76I,-0.10910783,0.10918671
F490R,-0.11997637,0.0576694
Q498Y,-0.18888485,0.05800032
L452R,-0.20446023,0.052231707
Y473F,-0.2207139,0.08406051
Q493R,-0.2510337,0.047635254
S494R,-0.2510514,0.053438753
Q493S,-0.29312062,0.082950614
R346T,-0.36714658,0.039138183
G339D,-0.38211554,0.06607849
K147N,-0.48453784,0.049172346
