Mutation,Mean,Std
V213G,0.46396497,0.22313665
Q493S,0.2857386,0.17507134
Q493K,0.2770868,0.26841575
Q493R,0.16433829,0.09997055
R346T,0.008608567,0.09148739
Q183V,0.003738397,0.15779145
K147N,0.00097258296,0.12966652
M153S,-0.023164574,0.14646482
Q498Y,-0.035428684,0.15846539
R346K,-0.046915613,0.21357735
F490R,-0.050815325,0.119614504
S155R,-0.12672226,0.15262215
T19R,-0.12757012,0.19090486
A27L,-0.1622451,0.13388567
V445E,-0.22570474,0.18367183
N481T,-0.23892923,0.13832271
K417V,-0.24164715,0.14600171
K529L,-0.3193269,0.13136165
T76I,-0.45523632,0.14181377
Y473F,-0.51269597,0.15319732
L452R,-0.6948069,0.12161773
G339D,-0.7184453,0.15608814
T478K,-0.7596959,0.23903005
S494R,-0.96054107,0.110768065
