Mutation,Mean,Std
V213G,0.4639693,0.21950758
Q493S,0.29217827,0.16358747
Q493K,0.27657446,0.26461485
Q493R,0.16503055,0.099107616
R346T,0.014394638,0.08733526
K147N,0.003298966,0.12606922
Q183V,0.0010037861,0.16695859
M153S,-0.026260372,0.14682509
Q498Y,-0.038162295,0.16130587
R346K,-0.043522492,0.21786043
F490R,-0.05459597,0.1249527
S155R,-0.12512024,0.14834385
T19R,-0.12637964,0.20030595
A27L,-0.1571076,0.13087735
V445E,-0.22342268,0.16737892
N481T,-0.23583892,0.13576445
K417V,-0.2456578,0.14538108
K529L,-0.32177186,0.12577903
T76I,-0.45510778,0.1414125
Y473F,-0.509221,0.15436618
L452R,-0.69661146,0.12256631
G339D,-0.717093,0.15365507
T478K,-0.76130456,0.2425834
S494R,-0.9588177,0.10669769
