Mutation,Mean,Std
K417V,0.6012556,0.062404
S155R,0.4614877,0.050594978
T478K,0.31536558,0.106638096
V213G,0.092484094,0.08318847
V445E,0.06797304,0.056054145
K529L,0.046755217,0.04431985
R346K,0.013802571,0.06668424
M153S,-0.004098623,0.111000724
Q493K,-0.008851632,0.12109155
T19R,-0.014029967,0.061515365
N481T,-0.020256454,0.06428719
Q183V,-0.03468831,0.051649034
A27L,-0.09208316,0.068635106
T76I,-0.11894682,0.10602283
F490R,-0.11915392,0.054333974
Q498Y,-0.18454215,0.05954074
L452R,-0.20872582,0.053781297
Y473F,-0.22307098,0.08246287
Q493R,-0.24580686,0.04696725
S494R,-0.2550941,0.055676773
Q493S,-0.2883145,0.083619125
R346T,-0.3665718,0.037806846
G339D,-0.3855377,0.06299741
K147N,-0.48401684,0.05044869
