Mean Effect,N,Pool
0.20640309,79,Conv_Delta
-1.636611,211,Conv_WT
-1.2922565,134,Vac_Mod
-2.822386,132,Vac_Pfiz
0.07423239,237,Boost_Mod
-0.49766082,150,Boost_Pfiz
1.1134454,79,Bi-valent Boost
0.6962165,237,BTI_Delta
0.34598917,237,BTI_BA.1
0.038820487,79,BTI_BA.2.12.1
-0.016106881,79,BTI_BA.4/5
