Serum Pool,Mean,Std
Conv_Delta,8.6895,0.27079085
Conv_WT,6.9429035,0.1738358
Vac_Mod,7.3017993,0.20179436
Vac_Pfiz,5.7798405,0.18782099
Boost_Mod,8.633347,0.18300295
Boost_Pfiz,8.024513,0.21974915
Bi-valent Boost,9.383098,0.2670162
BTI_Delta,9.260121,0.18068653
BTI_BA.1,8.893819,0.17222764
BTI_BA.2.12.1,8.366936,0.27605623
BTI_BA.4/5,8.270665,0.26181057
